{
  "roc_auc_train_mean": 0.9999454973784341,
  "roc_auc_train_std": 1.8495548639295793e-05,
  "roc_auc_val_mean": 0.9755349285945487,
  "roc_auc_val_std": 0.0011610792880959698,
  "roc_auc_gap": 0.024410568783885367,
  "pr_auc_train_mean": 0.9998302367277491,
  "pr_auc_train_std": 5.688544994948962e-05,
  "pr_auc_val_mean": 0.9406691846467921,
  "pr_auc_val_std": 0.004728067788670417,
  "pr_auc_gap": 0.05916105208095701,
  "accuracy_train_mean": 0.9983812844353841,
  "accuracy_train_std": 9.37498554965567e-05,
  "accuracy_val_mean": 0.9275989067746361,
  "accuracy_val_std": 0.003879815217884807,
  "accuracy_gap": 0.07078237766074802,
  "precision_train_mean": 0.9964715292466835,
  "precision_train_std": 0.0007532645377367182,
  "precision_val_mean": 0.8911572091574858,
  "precision_val_std": 0.009018440878367838,
  "precision_gap": 0.10531432008919772,
  "recall_train_mean": 0.9970571464371533,
  "recall_train_std": 0.0006577578205545659,
  "recall_val_mean": 0.8093017413150829,
  "recall_val_std": 0.009152543980687794,
  "recall_gap": 0.18775540512207034,
  "f1_train_mean": 0.9967637852576006,
  "f1_train_std": 0.0001869990822401093,
  "f1_val_mean": 0.8482387302945321,
  "f1_val_std": 0.008120205322039813,
  "f1_gap": 0.14852505496306845,
  "log_loss_train_mean": 0.032082116315559225,
  "log_loss_train_std": 0.000670478021333526,
  "log_loss_val_mean": 0.1710847824946497,
  "log_loss_val_std": 0.006024616895529373,
  "log_loss_gap": -0.13900266617909046,
  "brier_train_mean": 0.004340713533122259,
  "brier_train_std": 0.00015668732026049675,
  "brier_val_mean": 0.05200559529280652,
  "brier_val_std": 0.002278204065374645,
  "brier_gap": -0.04766488175968426,
  "rmse_train_mean": 0.06587338007872012,
  "rmse_train_std": 0.0011879941610705002,
  "rmse_val_mean": 0.22799268143098878,
  "rmse_val_std": 0.004993246109914883,
  "rmse_gap": -0.16211930135226865
}